{
  "images" : [
    {
      "extent" : "full-screen",
      "filename" : "1242*2688.jpg",
      "idiom" : "iphone",
      "minimum-system-version" : "12.0",
      "orientation" : "portrait",
      "scale" : "3x",
      "subtype" : "2688h"
    },
    {
      "extent" : "full-screen",
      "idiom" : "iphone",
      "minimum-system-version" : "12.0",
      "orientation" : "landscape",
      "scale" : "3x",
      "subtype" : "2688h"
    },
    {
      "extent" : "full-screen",
      "filename" : "828*1792.jpg",
      "idiom" : "iphone",
      "minimum-system-version" : "12.0",
      "orientation" : "portrait",
      "scale" : "2x",
      "subtype" : "1792h"
    },
    {
      "extent" : "full-screen",
      "idiom" : "iphone",
      "minimum-system-version" : "12.0",
      "orientation" : "landscape",
      "scale" : "2x",
      "subtype" : "1792h"
    },
    {
      "extent" : "full-screen",
      "filename" : "1125*2436.jpg",
      "idiom" : "iphone",
      "minimum-system-version" : "11.0",
      "orientation" : "portrait",
      "scale" : "3x",
      "subtype" : "2436h"
    },
    {
      "extent" : "full-screen",
      "idiom" : "iphone",
      "minimum-system-version" : "11.0",
      "orientation" : "landscape",
      "scale" : "3x",
      "subtype" : "2436h"
    },
    {
      "extent" : "full-screen",
      "filename" : "1242*2208.jpg",
      "idiom" : "iphone",
      "minimum-system-version" : "8.0",
      "orientation" : "portrait",
      "scale" : "3x",
      "subtype" : "736h"
    },
    {
      "extent" : "full-screen",
      "idiom" : "iphone",
      "minimum-system-version" : "8.0",
      "orientation" : "landscape",
      "scale" : "3x",
      "subtype" : "736h"
    },
    {
      "extent" : "full-screen",
      "filename" : "750*1334.jpg",
      "idiom" : "iphone",
      "minimum-system-version" : "8.0",
      "orientation" : "portrait",
      "scale" : "2x",
      "subtype" : "667h"
    },
    {
      "extent" : "full-screen",
      "filename" : "640*960.jpg",
      "idiom" : "iphone",
      "minimum-system-version" : "7.0",
      "orientation" : "portrait",
      "scale" : "2x"
    },
    {
      "extent" : "full-screen",
      "filename" : "640*1136.jpg",
      "idiom" : "iphone",
      "minimum-system-version" : "7.0",
      "orientation" : "portrait",
      "scale" : "2x",
      "subtype" : "retina4"
    },
    {
      "extent" : "full-screen",
      "idiom" : "ipad",
      "minimum-system-version" : "7.0",
      "orientation" : "portrait",
      "scale" : "1x"
    },
    {
      "extent" : "full-screen",
      "idiom" : "ipad",
      "minimum-system-version" : "7.0",
      "orientation" : "landscape",
      "scale" : "1x"
    },
    {
      "extent" : "full-screen",
      "idiom" : "ipad",
      "minimum-system-version" : "7.0",
      "orientation" : "portrait",
      "scale" : "2x"
    },
    {
      "extent" : "full-screen",
      "idiom" : "ipad",
      "minimum-system-version" : "7.0",
      "orientation" : "landscape",
      "scale" : "2x"
    },
    {
      "extent" : "full-screen",
      "idiom" : "iphone",
      "orientation" : "portrait",
      "scale" : "1x"
    },
    {
      "extent" : "full-screen",
      "filename" : "640*960-1.jpg",
      "idiom" : "iphone",
      "orientation" : "portrait",
      "scale" : "2x"
    },
    {
      "extent" : "full-screen",
      "filename" : "640*1136-1.jpg",
      "idiom" : "iphone",
      "orientation" : "portrait",
      "scale" : "2x",
      "subtype" : "retina4"
    },
    {
      "extent" : "to-status-bar",
      "idiom" : "ipad",
      "orientation" : "portrait",
      "scale" : "1x"
    },
    {
      "extent" : "full-screen",
      "idiom" : "ipad",
      "orientation" : "portrait",
      "scale" : "1x"
    },
    {
      "extent" : "to-status-bar",
      "idiom" : "ipad",
      "orientation" : "landscape",
      "scale" : "1x"
    },
    {
      "extent" : "full-screen",
      "idiom" : "ipad",
      "orientation" : "landscape",
      "scale" : "1x"
    },
    {
      "extent" : "to-status-bar",
      "idiom" : "ipad",
      "orientation" : "portrait",
      "scale" : "2x"
    },
    {
      "extent" : "full-screen",
      "idiom" : "ipad",
      "orientation" : "portrait",
      "scale" : "2x"
    },
    {
      "extent" : "to-status-bar",
      "idiom" : "ipad",
      "orientation" : "landscape",
      "scale" : "2x"
    },
    {
      "extent" : "full-screen",
      "idiom" : "ipad",
      "orientation" : "landscape",
      "scale" : "2x"
    }
  ],
  "info" : {
    "author" : "xcode",
    "version" : 1
  }
}
